{
    "name": "root",
    "gauges": {
        "FoxFrog.Policy.Entropy.mean": {
            "value": 0.21794982254505157,
            "min": 0.2169078290462494,
            "max": 1.1841109991073608,
            "count": 80
        },
        "FoxFrog.Policy.Entropy.sum": {
            "value": 5448.74560546875,
            "min": 5410.365234375,
            "max": 30727.681640625,
            "count": 80
        },
        "FoxFrog.Environment.EpisodeLength.mean": {
            "value": 19.46141078838174,
            "min": 15.370006548788474,
            "max": 254.80645161290323,
            "count": 80
        },
        "FoxFrog.Environment.EpisodeLength.sum": {
            "value": 23451.0,
            "min": 23439.0,
            "max": 26200.0,
            "count": 80
        },
        "FoxFrog.Step.mean": {
            "value": 1999971.0,
            "min": 24954.0,
            "max": 1999971.0,
            "count": 80
        },
        "FoxFrog.Step.sum": {
            "value": 1999971.0,
            "min": 24954.0,
            "max": 1999971.0,
            "count": 80
        },
        "FoxFrog.Policy.ExtrinsicValueEstimate.mean": {
            "value": 0.8538511395454407,
            "min": -19.051719665527344,
            "max": 0.8920184969902039,
            "count": 80
        },
        "FoxFrog.Policy.ExtrinsicValueEstimate.sum": {
            "value": 1033.159912109375,
            "min": -5939.03076171875,
            "max": 1203.61865234375,
            "count": 80
        },
        "FoxFrog.Policy.CuriosityValueEstimate.mean": {
            "value": -0.40217325091362,
            "min": -0.7055112719535828,
            "max": 5.642040252685547,
            "count": 80
        },
        "FoxFrog.Policy.CuriosityValueEstimate.sum": {
            "value": -486.629638671875,
            "min": -529.6956176757812,
            "max": 8474.3447265625,
            "count": 80
        },
        "FoxFrog.Environment.CumulativeReward.mean": {
            "value": 0.9405684651057256,
            "min": -145.1612111673407,
            "max": 0.9794331078987093,
            "count": 80
        },
        "FoxFrog.Environment.CumulativeReward.sum": {
            "value": 1133.3850004523993,
            "min": -13354.831427395344,
            "max": 1298.2120023816824,
            "count": 80
        },
        "FoxFrog.Policy.ExtrinsicReward.mean": {
            "value": 0.9405684651057256,
            "min": -145.1612111673407,
            "max": 0.9794331078987093,
            "count": 80
        },
        "FoxFrog.Policy.ExtrinsicReward.sum": {
            "value": 1133.3850004523993,
            "min": -13354.831427395344,
            "max": 1298.2120023816824,
            "count": 80
        },
        "FoxFrog.Policy.CuriosityReward.mean": {
            "value": 0.007262032956253985,
            "min": 0.006656466626761136,
            "max": 0.9777056610073186,
            "count": 80
        },
        "FoxFrog.Policy.CuriosityReward.sum": {
            "value": 8.750749712286051,
            "min": 7.961134085606318,
            "max": 118.30238498188555,
            "count": 80
        },
        "FoxFrog.Losses.PolicyLoss.mean": {
            "value": 0.0262825950087669,
            "min": 0.018945801064061622,
            "max": 0.030737883240605394,
            "count": 80
        },
        "FoxFrog.Losses.PolicyLoss.sum": {
            "value": 0.0525651900175338,
            "min": 0.037891602128123245,
            "max": 0.08205976369014631,
            "count": 80
        },
        "FoxFrog.Losses.ValueLoss.mean": {
            "value": 0.027054970897734162,
            "min": 0.021171034872531892,
            "max": 18.147184419631955,
            "count": 80
        },
        "FoxFrog.Losses.ValueLoss.sum": {
            "value": 0.054109941795468325,
            "min": 0.042342069745063785,
            "max": 53.32236909866333,
            "count": 80
        },
        "FoxFrog.Policy.LearningRate.mean": {
            "value": 2.1507992831000107e-06,
            "min": 2.1507992831000107e-06,
            "max": 0.000297511425829525,
            "count": 80
        },
        "FoxFrog.Policy.LearningRate.sum": {
            "value": 4.3015985662000214e-06,
            "min": 4.3015985662000214e-06,
            "max": 0.0008717104594298498,
            "count": 80
        },
        "FoxFrog.Policy.Epsilon.mean": {
            "value": 0.10071690000000003,
            "min": 0.10071690000000003,
            "max": 0.19917047499999999,
            "count": 80
        },
        "FoxFrog.Policy.Epsilon.sum": {
            "value": 0.20143380000000005,
            "min": 0.20143380000000005,
            "max": 0.59057015,
            "count": 80
        },
        "FoxFrog.Policy.Beta.mean": {
            "value": 8.161831000000036e-05,
            "min": 8.161831000000036e-05,
            "max": 0.0099171304525,
            "count": 80
        },
        "FoxFrog.Policy.Beta.sum": {
            "value": 0.00016323662000000073,
            "min": 0.00016323662000000073,
            "max": 0.029057957985000004,
            "count": 80
        },
        "FoxFrog.Losses.CuriosityForwardLoss.mean": {
            "value": 0.017651918095846972,
            "min": 0.01594029084468881,
            "max": 0.3786584383610523,
            "count": 80
        },
        "FoxFrog.Losses.CuriosityForwardLoss.sum": {
            "value": 0.035303836191693944,
            "min": 0.03326011262834072,
            "max": 0.7573168767221046,
            "count": 80
        },
        "FoxFrog.Losses.CuriosityInverseLoss.mean": {
            "value": 0.0066638559025401865,
            "min": 0.005220140522578732,
            "max": 0.6452312052701459,
            "count": 80
        },
        "FoxFrog.Losses.CuriosityInverseLoss.sum": {
            "value": 0.013327711805080373,
            "min": 0.010440281045157464,
            "max": 1.6525204519430798,
            "count": 80
        },
        "FoxFrog.IsTraining.mean": {
            "value": 1.0,
            "min": 1.0,
            "max": 1.0,
            "count": 80
        },
        "FoxFrog.IsTraining.sum": {
            "value": 1.0,
            "min": 1.0,
            "max": 1.0,
            "count": 80
        }
    },
    "metadata": {
        "timer_format_version": "0.1.0",
        "start_time_seconds": "1705766627",
        "python_version": "3.10.12 (main, Jul  5 2023, 18:54:27) [GCC 11.2.0]",
        "command_line_arguments": "/home/salva/miniconda3/envs/mlagents/bin/mlagents-learn config/ppo/foxfrog_config002.yaml --run-id=foxfrog002 --initialize-from=foxfrog001",
        "mlagents_version": "1.0.0",
        "mlagents_envs_version": "1.0.0",
        "communication_protocol_version": "1.5.0",
        "pytorch_version": "2.1.2+cu121",
        "numpy_version": "1.21.2",
        "end_time_seconds": "1705770789"
    },
    "total": 4161.771232223,
    "count": 1,
    "self": 0.02401533299962466,
    "children": {
        "run_training.setup": {
            "total": 0.02999728699978732,
            "count": 1,
            "self": 0.02999728699978732
        },
        "TrainerController.start_learning": {
            "total": 4161.717219603001,
            "count": 1,
            "self": 5.516524403514268,
            "children": {
                "TrainerController._reset_env": {
                    "total": 26.38322868799969,
                    "count": 1,
                    "self": 26.38322868799969
                },
                "TrainerController.advance": {
                    "total": 4129.619666845488,
                    "count": 165409,
                    "self": 5.079070279094594,
                    "children": {
                        "env_step": {
                            "total": 2592.4332247046177,
                            "count": 165409,
                            "self": 2423.0964501468234,