{"count":1,"self":76.2319296,"total":77.7992761,"children":{"InitializeActuators":{"count":25,"self":0.0040181999999999995,"total":0.0040181999999999995,"children":null},"InitializeSensors":{"count":25,"self":0.0030023999999999997,"total":0.0030023999999999997,"children":null},"AgentSendState":{"count":3561,"self":0.4656364,"total":0.51894909999999994,"children":{"CollectObservations":{"count":8925,"self":0.019054599999999998,"total":0.019054599999999998,"children":null},"WriteActionMask":{"count":8925,"self":0.0080818,"total":0.0080818,"children":null},"RequestDecision":{"count":8925,"self":0.0261763,"total":0.0261763,"children":null}}},"DecideAction":{"count":3561,"self":0.65186579999999994,"total":0.71540039999999994,"children":{"RayPerceptionSensor.Perceive":{"count":8925,"self":0.0635346,"total":0.0635346,"children":null}}},"AgentAct":{"count":3561,"self":0.3259759,"total":0.3259759,"children":null}},"gauges":{"FoxFrog.CumulativeReward":{"count":236,"max":0.9992,"min":-1.05890059,"runningAverage":0.7634379,"value":0.957799852,"weightedAverage":0.919694543}},"metadata":{"timer_format_version":"0.1.0","start_time_seconds":"1705833942","unity_version":"2022.3.12f1","command_line_arguments":"C:\\Program Files\\Unity\\Hub\\Editor\\2022.3.12f1\\Editor\\Unity.exe -projectpath D:\\Unity Projects\\uoc-m7.459-pec1-3 -useHub -hubIPC -cloudEnvironment production","communication_protocol_version":"1.5.0","com.unity.ml-agents_version":"3.0.0-exp.1","scene_name":"FoxFrogTraining006","end_time_seconds":"1705834020"}}