{"count":1,"self":36.8880096,"total":37.7143462,"children":{"InitializeActuators":{"count":25,"self":0.0039994,"total":0.0039994,"children":null},"InitializeSensors":{"count":25,"self":0.0029335999999999997,"total":0.0029335999999999997,"children":null},"AgentSendState":{"count":1587,"self":0.21107689999999998,"total":0.2511366,"children":{"CollectObservations":{"count":3975,"self":0.0125505,"total":0.0125505,"children":null},"WriteActionMask":{"count":3975,"self":0.0020039,"total":0.0020039,"children":null},"RequestDecision":{"count":3975,"self":0.025505299999999998,"total":0.025505299999999998,"children":null}}},"DecideAction":{"count":1587,"self":0.36328279999999996,"total":0.3968673,"children":{"RayPerceptionSensor.Perceive":{"count":3975,"self":0.033584499999999996,"total":0.033584499999999996,"children":null}}},"AgentAct":{"count":1587,"self":0.1714011,"total":0.1714011,"children":null}},"gauges":{"FoxFrog.CumulativeReward":{"count":140,"max":0.9998,"min":-1.04190028,"runningAverage":0.8408512,"value":0.975,"weightedAverage":0.619861245}},"metadata":{"timer_format_version":"0.1.0","start_time_seconds":"1705813171","unity_version":"2022.3.12f1","command_line_arguments":"C:\\Program Files\\Unity\\Hub\\Editor\\2022.3.12f1\\Editor\\Unity.exe -projectpath D:\\Unity Projects\\uoc-m7.459-pec1-3 -useHub -hubIPC -cloudEnvironment production","communication_protocol_version":"1.5.0","com.unity.ml-agents_version":"3.0.0-exp.1","scene_name":"FoxFrogTraining004","end_time_seconds":"1705813209"}}