{"count":1,"self":166.9688704,"total":167.77070179999998,"children":{"InitializeActuators":{"count":1,"self":0.0026647999999999997,"total":0.0026647999999999997,"children":null},"InitializeSensors":{"count":1,"self":0.0040014,"total":0.0040014,"children":null},"AgentSendState":{"count":7805,"self":0.1070874,"total":0.13200399999999998,"children":{"CollectObservations":{"count":781,"self":0.0028989,"total":0.0028989,"children":null},"WriteActionMask":{"count":781,"self":0.0030098,"total":0.0030098,"children":null},"RequestDecision":{"count":781,"self":0.019007899999999998,"total":0.019007899999999998,"children":null}}},"DecideAction":{"count":7805,"self":0.55401329999999993,"total":0.5680405,"children":{"RayPerceptionSensor.Perceive":{"count":781,"self":0.0140272,"total":0.0140272,"children":null}}},"AgentAct":{"count":7805,"self":0.09411979999999999,"total":0.09411979999999999,"children":null}},"gauges":{"FoxFrog.CumulativeReward":{"count":18,"max":0.9937,"min":-1.26170242,"runningAverage":0.5205942,"value":0.582000256,"weightedAverage":0.5197389}},"metadata":{"timer_format_version":"0.1.0","start_time_seconds":"1705873028","unity_version":"2022.3.12f1","command_line_arguments":"C:\\Program Files\\Unity\\Hub\\Editor\\2022.3.12f1\\Editor\\Unity.exe -projectpath D:\\Unity Projects\\uoc-m7.459-pec1-3 -useHub -hubIPC -cloudEnvironment production","communication_protocol_version":"1.5.0","com.unity.ml-agents_version":"3.0.0-exp.1","scene_name":"Main","end_time_seconds":"1705873196"}}