{"count":1,"self":27.6751328,"total":28.1308443,"children":{"InitializeActuators":{"count":25,"self":0.0019993999999999997,"total":0.0019993999999999997,"children":null},"InitializeSensors":{"count":25,"self":0.0019993999999999997,"total":0.0019993999999999997,"children":null},"AgentSendState":{"count":1119,"self":0.0155564,"total":0.050173999999999996,"children":{"CollectObservations":{"count":2800,"self":0.0120731,"total":0.0120731,"children":null},"WriteActionMask":{"count":2800,"self":0.0039800999999999994,"total":0.0039800999999999994,"children":null},"RequestDecision":{"count":2800,"self":0.018564399999999998,"total":0.018564399999999998,"children":null}}},"DecideAction":{"count":1119,"self":0.3594602,"total":0.3594602,"children":null},"AgentAct":{"count":1119,"self":0.0410629,"total":0.0410629,"children":null}},"gauges":{"RollerBall.CumulativeReward":{"count":393,"max":2,"min":1,"runningAverage":1.93129754,"value":2,"weightedAverage":1.999986}},"metadata":{"timer_format_version":"0.1.0","start_time_seconds":"1705399112","unity_version":"2022.3.12f1","command_line_arguments":"C:\\Program Files\\Unity\\Hub\\Editor\\2022.3.12f1\\Editor\\Unity.exe -projectpath D:\\Unity Projects\\uoc-m7.459-pec1-3 -useHub -hubIPC -cloudEnvironment production","communication_protocol_version":"1.5.0","com.unity.ml-agents_version":"3.0.0-exp.1","scene_name":"RollerBallTraining001","end_time_seconds":"1705399140"}}