{
    "name": "root",
    "gauges": {
        "RollerBall.Policy.Entropy.mean": {
            "value": 0.8543750643730164,
            "min": 0.8543750643730164,
            "max": 1.4170171022415161,
            "count": 50
        },
        "RollerBall.Policy.Entropy.sum": {
            "value": 8535.20703125,
            "min": 8535.20703125,
            "max": 14436.5703125,
            "count": 50
        },
        "RollerBall.Environment.EpisodeLength.mean": {
            "value": 5.425449871465296,
            "min": 5.391304347826087,
            "max": 18.593632958801496,
            "count": 50
        },
        "RollerBall.Environment.EpisodeLength.sum": {
            "value": 8442.0,
            "min": 7252.0,
            "max": 10579.0,
            "count": 50
        },
        "RollerBall.Step.mean": {
            "value": 499991.0,
            "min": 9988.0,
            "max": 499991.0,
            "count": 50
        },
        "RollerBall.Step.sum": {
            "value": 499991.0,
            "min": 9988.0,
            "max": 499991.0,
            "count": 50
        },
        "RollerBall.Policy.ExtrinsicValueEstimate.mean": {
            "value": 0.9615346193313599,
            "min": 0.4936755895614624,
            "max": 0.970456063747406,
            "count": 50
        },
        "RollerBall.Policy.ExtrinsicValueEstimate.sum": {
            "value": 1496.1478271484375,
            "min": 285.344482421875,
            "max": 1507.115478515625,
            "count": 50
        },
        "RollerBall.Environment.CumulativeReward.mean": {
            "value": 0.9858611825192802,
            "min": 0.5533807829181495,
            "max": 0.998678122934567,
            "count": 50
        },
        "RollerBall.Environment.CumulativeReward.sum": {
            "value": 1534.0,
            "min": 311.0,
            "max": 1547.0,
            "count": 50
        },
        "RollerBall.Policy.ExtrinsicReward.mean": {
            "value": 0.9858611825192802,
            "min": 0.5533807829181495,
            "max": 0.998678122934567,
            "count": 50
        },
        "RollerBall.Policy.ExtrinsicReward.sum": {
            "value": 1534.0,
            "min": 311.0,
            "max": 1547.0,
            "count": 50
        },
        "RollerBall.Losses.PolicyLoss.mean": {
            "value": 0.24305228233695073,
            "min": 0.2350348567069556,
            "max": 0.2525643133107403,
            "count": 50
        },
        "RollerBall.Losses.PolicyLoss.sum": {
            "value": 23.089966822010318,
            "min": 20.510424989719624,
            "max": 23.741045451209587,
            "count": 50
        },
        "RollerBall.Losses.ValueLoss.mean": {
            "value": 0.002919197991271943,
            "min": 0.0005886647119723686,
            "max": 0.0944022249243474,
            "count": 50
        },
        "RollerBall.Losses.ValueLoss.sum": {
            "value": 0.2773238091708346,
            "min": 0.05651181234934738,
            "max": 8.212993568418224,
            "count": 50
        },
        "RollerBall.Policy.LearningRate.mean": {
            "value": 2.992475844646315e-06,
            "min": 2.992475844646315e-06,
            "max": 0.00029705184236202985,
            "count": 50
        },
        "RollerBall.Policy.LearningRate.sum": {
            "value": 0.00028428520524139995,
            "min": 0.00028428520524139995,
            "max": 0.0265054062648648,
            "count": 50
        },
        "RollerBall.Policy.Epsilon.mean": {
            "value": 0.10099745894736843,
            "min": 0.10099745894736843,
            "max": 0.19901728045977018,
            "count": 50
        },
        "RollerBall.Policy.Epsilon.sum": {
            "value": 9.5947586,
            "min": 9.5947586,
            "max": 18.335135200000003,
            "count": 50
        },
        "RollerBall.Policy.Beta.mean": {
            "value": 0.0005000000000000001,
            "min": 0.0005000000000000001,
            "max": 0.0005000000000000001,
            "count": 50
        },
        "RollerBall.Policy.Beta.sum": {
            "value": 0.047500000000000014,
            "min": 0.04250000000000001,
            "max": 0.048000000000000015,
            "count": 50
        },
        "RollerBall.IsTraining.mean": {
            "value": 1.0,
            "min": 1.0,
            "max": 1.0,
            "count": 50
        },
        "RollerBall.IsTraining.sum": {
            "value": 1.0,
            "min": 1.0,
            "max": 1.0,
            "count": 50
        }
    },
    "metadata": {
        "timer_format_version": "0.1.0",
        "start_time_seconds": "1705217018",
        "python_version": "3.10.12 (main, Jul  5 2023, 18:54:27) [GCC 11.2.0]",
        "command_line_arguments": "/home/salva/miniconda3/envs/mlagents/bin/mlagents-learn config/rollerball_config.yaml --run-id=rollerball001 --force",
        "mlagents_version": "1.0.0",
        "mlagents_envs_version": "1.0.0",
        "communication_protocol_version": "1.5.0",
        "pytorch_version": "2.1.2+cu121",
        "numpy_version": "1.21.2",
        "end_time_seconds": "1705219064"
    },
    "total": 2045.8542633760007,
    "count": 1,
    "self": 0.014843899001789396,
    "children": {
        "run_training.setup": {
            "total": 0.02082969999901252,
            "count": 1,
            "self": 0.02082969999901252
        },
        "TrainerController.start_learning": {
            "total": 2045.818589777,
            "count": 1,
            "self": 3.3616950903451652,
            "children": {
                "TrainerController._reset_env": {
                    "total": 9.919902613999511,
                    "count": 1,
                    "self": 9.919902613999511
                },
                "TrainerController.advance": {
                    "total": 2032.4594129726538,
                    "count": 116338,
                    "self": 2.7976623980321165,
                    "children": {
                        "env_step": {
                            "total": 910.5916667165711,
                            "count": 116338,
                            "self": 839.1757115758464,
                            "children": {
                                "SubprocessEnvManager._take_step": {
                                    "total": 69.64726283368327,
                                    "count": 116338,
                                    "self": 5.612079309568799,
                                    "children": {
                                        "TorchPolicy.evaluate": {
                                            "total": 64.03518352411447,
                                            "count": 55560,
                                            "self": 64.03518352411447
                                        }
                                    }
                                },
                                "workers": {
                                    "total": 1.7686923070414196,
                                    "count": 116338,
                                    "self": 0.0,
                                    "children": {
                                        "worker_root": {
                                            "total": 2039.0016052520405,
                                            "count": 116338,
                                            "is_parallel": true,
                                            "self": 1347.1452351268345,
                                            "children": {
                                                "run_training.setup": {
                                                    "total": 0.0,
                                                    "count": 0,
                                                    "is_parallel": true,
                                                    "self": 0.0,