{
    "name": "root",
    "gauges": {
        "RollerBall.Policy.Entropy.mean": {
            "value": 1.3072452545166016,
            "min": 1.3072452545166016,
            "max": 1.41859769821167,
            "count": 50
        },
        "RollerBall.Policy.Entropy.sum": {
            "value": 13072.453125,
            "min": 13040.236328125,
            "max": 14611.556640625,
            "count": 50
        },
        "RollerBall.Environment.EpisodeLength.mean": {
            "value": 6.190510424155284,
            "min": 6.087110481586402,
            "max": 17.371323529411764,
            "count": 50
        },
        "RollerBall.Environment.EpisodeLength.sum": {
            "value": 8611.0,
            "min": 8595.0,
            "max": 9453.0,
            "count": 50
        },
        "RollerBall.Step.mean": {
            "value": 499995.0,
            "min": 9992.0,
            "max": 499995.0,
            "count": 50
        },
        "RollerBall.Step.sum": {
            "value": 499995.0,
            "min": 9992.0,
            "max": 499995.0,
            "count": 50
        },
        "RollerBall.Policy.ExtrinsicValueEstimate.mean": {
            "value": 0.9683050513267517,
            "min": -0.22969786822795868,
            "max": 0.9704126715660095,
            "count": 50
        },
        "RollerBall.Policy.ExtrinsicValueEstimate.sum": {
            "value": 1346.912353515625,
            "min": -127.94171142578125,
            "max": 1366.8721923828125,
            "count": 50
        },
        "RollerBall.Environment.CumulativeReward.mean": {
            "value": 0.9991013659237958,
            "min": 0.032764811490125674,
            "max": 1.0,
            "count": 50
        },
        "RollerBall.Environment.CumulativeReward.sum": {
            "value": 1389.75,
            "min": 18.25,
            "max": 1411.0,
            "count": 50
        },
        "RollerBall.Policy.ExtrinsicReward.mean": {
            "value": 0.9991013659237958,
            "min": 0.032764811490125674,
            "max": 1.0,
            "count": 50
        },
        "RollerBall.Policy.ExtrinsicReward.sum": {
            "value": 1389.75,
            "min": 18.25,
            "max": 1411.0,
            "count": 50
        },
        "RollerBall.Losses.PolicyLoss.mean": {
            "value": 0.03050247414697272,
            "min": 0.02652952093242978,
            "max": 0.042982857767492534,
            "count": 50
        },
        "RollerBall.Losses.PolicyLoss.sum": {
            "value": 0.06100494829394544,
            "min": 0.029940720958014328,
            "max": 0.08554293351092686,
            "count": 50
        },
        "RollerBall.Losses.ValueLoss.mean": {
            "value": 0.0009275725664338097,
            "min": 0.0008725897050074613,
            "max": 0.29317104667425153,
            "count": 50
        },
        "RollerBall.Losses.ValueLoss.sum": {
            "value": 0.0018551451328676194,
            "min": 0.0009527054886954526,
            "max": 0.40464541415373484,
            "count": 50
        },
        "RollerBall.Policy.LearningRate.mean": {
            "value": 3.1926989357999955e-06,
            "min": 3.1926989357999955e-06,
            "max": 0.0002969244010251999,
            "count": 50
        },
        "RollerBall.Policy.LearningRate.sum": {
            "value": 6.385397871599991e-06,
            "min": 6.385397871599991e-06,
            "max": 0.0005846106051298,
            "count": 50
        },
        "RollerBall.Policy.Epsilon.mean": {
            "value": 0.10106420000000003,
            "min": 0.10106420000000003,
            "max": 0.19897480000000006,
            "count": 50
        },
        "RollerBall.Policy.Epsilon.sum": {
            "value": 0.20212840000000007,
            "min": 0.11899840000000003,
            "max": 0.39487020000000006,
            "count": 50
        },
        "RollerBall.Policy.Beta.mean": {
            "value": 0.0005000000000000001,
            "min": 0.0005000000000000001,
            "max": 0.0005000000000000001,
            "count": 50
        },
        "RollerBall.Policy.Beta.sum": {
            "value": 0.0010000000000000002,
            "min": 0.0005000000000000001,
            "max": 0.0010000000000000002,
            "count": 50
        },
        "RollerBall.IsTraining.mean": {
            "value": 1.0,
            "min": 1.0,
            "max": 1.0,
            "count": 50
        },
        "RollerBall.IsTraining.sum": {
            "value": 1.0,
            "min": 1.0,
            "max": 1.0,
            "count": 50
        }
    },
    "metadata": {
        "timer_format_version": "0.1.0",
        "start_time_seconds": "1705293285",
        "python_version": "3.10.12 (main, Jul  5 2023, 18:54:27) [GCC 11.2.0]",
        "command_line_arguments": "/home/salva/miniconda3/envs/mlagents/bin/mlagents-learn config/rollerball_config.yaml --run-id=rollerball001",
        "mlagents_version": "1.0.0",
        "mlagents_envs_version": "1.0.0",
        "communication_protocol_version": "1.5.0",
        "pytorch_version": "2.1.2+cu121",
        "numpy_version": "1.21.2",
        "end_time_seconds": "1705294017"
    },
    "total": 731.702304986,
    "count": 1,
    "self": 0.018292901000677375,
    "children": {
        "run_training.setup": {
            "total": 0.02475019799931033,
            "count": 1,
            "self": 0.02475019799931033
        },
        "TrainerController.start_learning": {
            "total": 731.659261887,
            "count": 1,
            "self": 2.260198330987805,
            "children": {
                "TrainerController._reset_env": {
                    "total": 8.969731956999567,
                    "count": 1,
                    "self": 8.969731956999567
                },
                "TrainerController.advance": {
                    "total": 720.3634409930128,
                    "count": 66028,
                    "self": 2.0408638478884313,
                    "children": {
                        "env_step": {
                            "total": 481.89442300198607,
                            "count": 66028,
                            "self": 454.84005833897663,
                            "children": {
                                "SubprocessEnvManager._take_step": {
                                    "total": 25.955502147899097,
                                    "count": 66028,
                                    "self": 2.5853345298673958,
                                    "children": {
                                        "TorchPolicy.evaluate": {
                                            "total": 23.3701676180317,
                                            "count": 20004,
                                            "self": 23.3701676180317
                                        }
                                    }
                                },
                                "workers": {
                                    "total": 1.0988625151103406,
                                    "count": 66028,
                                    "self": 0.0,
                                    "children": {
                                        "worker_root": {
                                            "total": 727.5573245399992,
                                            "count": 66028,
                                            "is_parallel": true,
                                            "self": 362.01818204722167,
                                            "children": {
                                                "run_training.setup": {
                                                    "total": 0.0,
                                                    "count": 0,
                                                    "is_parallel": true,
                                                    "self": 0.0,